"Source:","/home/a.malinowsk2/vcs/sd-mux/doc/hardware/SDWire/SDWire.sch"
"Date:","Thu 05 Sep 2019 11:57:02 AM CEST"
"Tool:","Eeschema 5.99.0-unknown-efbc802~86~ubuntu18.04.1"
"Generator:","/usr/share/kicad/plugins/bom_csv_grouped_by_value.py"
"Component Count:","65"

"Individual Components:"

"Item","Qty","Reference(s)","Value","LibPart","Footprint","Datasheet","Manufacturer","Price","Shop link","Symbol"
"","","C1","100nF/16V","SDWire:C","Capacitors_SMD:C_0402","http://www.tme.eu/pl/Document/4a42202b32dab16128fe107dd69598cc/samsung-chip-cap.pdf","","0.00573","http://www.tme.eu/pl/details/cl05b104ko5nnnd/kondensatory-mlcc-smd-0402/samsung/","CL05B104KO5NNND"
"","","C2","100nF/16V","SDWire:C","Capacitors_SMD:C_0402","http://www.tme.eu/pl/Document/4a42202b32dab16128fe107dd69598cc/samsung-chip-cap.pdf","","0.00573","http://www.tme.eu/pl/details/cl05b104ko5nnnd/kondensatory-mlcc-smd-0402/samsung/","CL05B104KO5NNND"
"","","C3","33p/50V","SDWire:C","Capacitors_SMD:C_0402","http://www.tme.eu/pl/Document/e3e731e59cc68b1ab6d46b158bb05733/MURATA_GRM.pdf","","0.01687","http://www.tme.eu/pl/details/grm1555c1h330ja01d/kondensatory-mlcc-smd-0402/murata/","GRM1555C1H330JA01D"
"","","C4","33p/50V","SDWire:C","Capacitors_SMD:C_0402","http://www.tme.eu/pl/Document/e3e731e59cc68b1ab6d46b158bb05733/MURATA_GRM.pdf","","0.01687","http://www.tme.eu/pl/details/grm1555c1h330ja01d/kondensatory-mlcc-smd-0402/murata/","GRM1555C1H330JA01D"
"","","C5","1uF/16V","SDWire:C","Capacitors_SMD:C_0402","http://www.tme.eu/pl/Document/4a42202b32dab16128fe107dd69598cc/samsung-chip-cap.pdf","","0.01307","http://www.tme.eu/pl/details/cl05a105kp5nnnc/kondensatory-mlcc-smd-0402/samsung/","CL05A105KP5NNNC"
"","","C6","100nF/16V","SDWire:C","Capacitors_SMD:C_0402","http://www.tme.eu/pl/Document/4a42202b32dab16128fe107dd69598cc/samsung-chip-cap.pdf","","0.00573","http://www.tme.eu/pl/details/cl05b104ko5nnnd/kondensatory-mlcc-smd-0402/samsung/","CL05B104KO5NNND"
"","","C7","1uF/16V","SDWire:C","Capacitors_SMD:C_0402","http://www.tme.eu/pl/Document/4a42202b32dab16128fe107dd69598cc/samsung-chip-cap.pdf","","0.01307","http://www.tme.eu/pl/details/cl05a105kp5nnnc/kondensatory-mlcc-smd-0402/samsung/","CL05A105KP5NNNC"
"","","C8","100nF/16V","SDWire:C","Capacitors_SMD:C_0402","http://www.tme.eu/pl/Document/4a42202b32dab16128fe107dd69598cc/samsung-chip-cap.pdf","","0.00573","http://www.tme.eu/pl/details/cl05b104ko5nnnd/kondensatory-mlcc-smd-0402/samsung/","CL05B104KO5NNND"
"","","C9","100nF/16V","SDWire:C","Capacitors_SMD:C_0402","http://www.tme.eu/pl/Document/4a42202b32dab16128fe107dd69598cc/samsung-chip-cap.pdf","","0.00573","http://www.tme.eu/pl/details/cl05b104ko5nnnd/kondensatory-mlcc-smd-0402/samsung/","CL05B104KO5NNND"
"","","C10","10uF/10V","SDWire:CP","Capacitors_Tantalum_SMD:CP_Tantalum_Case-A_EIA-3216-18_Reflow","http://www.tme.eu/pl/Document/0ff508dea7a8224c6fb12ae10be076aa/KEM_T2005_T491.pdf","","0.32167","http://www.tme.eu/pl/details/t491a106m016at/kondensatory-tantalowe-smd/kemet/","T491A106M016AT"
"","","C11","100nF/16V","SDWire:C","Capacitors_SMD:C_0402","http://www.tme.eu/pl/Document/4a42202b32dab16128fe107dd69598cc/samsung-chip-cap.pdf","","0.00573","http://www.tme.eu/pl/details/cl05b104ko5nnnd/kondensatory-mlcc-smd-0402/samsung/","CL05B104KO5NNND"
"","","C12","100nF/16V","SDWire:C","Capacitors_SMD:C_0402","http://www.tme.eu/pl/Document/4a42202b32dab16128fe107dd69598cc/samsung-chip-cap.pdf","","0.00573","http://www.tme.eu/pl/details/cl05b104ko5nnnd/kondensatory-mlcc-smd-0402/samsung/","CL05B104KO5NNND"
"","","C13","100nF/16V","SDWire:C","Capacitors_SMD:C_0402","http://www.tme.eu/pl/Document/4a42202b32dab16128fe107dd69598cc/samsung-chip-cap.pdf","","0.00573","http://www.tme.eu/pl/details/cl05b104ko5nnnd/kondensatory-mlcc-smd-0402/samsung/","CL05B104KO5NNND"
"","","C14","10uF/10V","SDWire:CP","Capacitors_Tantalum_SMD:CP_Tantalum_Case-A_EIA-3216-18_Reflow","http://www.tme.eu/pl/Document/0ff508dea7a8224c6fb12ae10be076aa/KEM_T2005_T491.pdf","","0.32167","http://www.tme.eu/pl/details/t491a106m016at/kondensatory-tantalowe-smd/kemet/","T491A106M016AT"
"","","C15","100nF/16V","SDWire:C","Capacitors_SMD:C_0402","http://www.tme.eu/pl/Document/4a42202b32dab16128fe107dd69598cc/samsung-chip-cap.pdf","","0.00573","http://www.tme.eu/pl/details/cl05b104ko5nnnd/kondensatory-mlcc-smd-0402/samsung/","CL05B104KO5NNND"
"","","C17","100nF/16V","SDWire:C","Capacitors_SMD:C_0402","http://www.tme.eu/pl/Document/4a42202b32dab16128fe107dd69598cc/samsung-chip-cap.pdf","","0.00573","http://www.tme.eu/pl/details/cl05b104ko5nnnd/kondensatory-mlcc-smd-0402/samsung/","CL05B104KO5NNND"
"","","C18","100nF/16V","SDWire:C","Capacitors_SMD:C_0402","http://www.tme.eu/pl/Document/4a42202b32dab16128fe107dd69598cc/samsung-chip-cap.pdf","","0.00573","http://www.tme.eu/pl/details/cl05b104ko5nnnd/kondensatory-mlcc-smd-0402/samsung/","CL05B104KO5NNND"
"","","C19","1uF/16V","SDWire:C","Capacitors_SMD:C_0402","http://www.tme.eu/pl/Document/4a42202b32dab16128fe107dd69598cc/samsung-chip-cap.pdf","","0.01307","http://www.tme.eu/pl/details/cl05a105kp5nnnc/kondensatory-mlcc-smd-0402/samsung/","CL05A105KP5NNNC"
"","","C20","100nF/16V","SDWire:C","Capacitors_SMD:C_0402","http://www.tme.eu/pl/Document/4a42202b32dab16128fe107dd69598cc/samsung-chip-cap.pdf","","0.00573","http://www.tme.eu/pl/details/cl05b104ko5nnnd/kondensatory-mlcc-smd-0402/samsung/","CL05B104KO5NNND"
"","","C21","1uF/16V","SDWire:C","Capacitors_SMD:C_0402","http://www.tme.eu/pl/Document/4a42202b32dab16128fe107dd69598cc/samsung-chip-cap.pdf","","0.01307","http://www.tme.eu/pl/details/cl05a105kp5nnnc/kondensatory-mlcc-smd-0402/samsung/","CL05A105KP5NNNC"
"","","C22","47pF","SDWire:C","Capacitors_SMD:C_0402","http://www.tme.eu/pl/Document/e3e731e59cc68b1ab6d46b158bb05733/MURATA_GRM.pdf","","0.01687","http://www.tme.eu/pl/details/grm1555c1h470ja01d/kondensatory-mlcc-smd-0402/murata/","GRM1555C1H470JA01D"
"","","C23","47pF","SDWire:C","Capacitors_SMD:C_0402","http://www.tme.eu/pl/Document/e3e731e59cc68b1ab6d46b158bb05733/MURATA_GRM.pdf","","0.01687","http://www.tme.eu/pl/details/grm1555c1h470ja01d/kondensatory-mlcc-smd-0402/murata/","GRM1555C1H470JA01D"
"","","C24","100nF/16V","SDWire:C","Capacitors_SMD:C_0402","http://www.tme.eu/pl/Document/4a42202b32dab16128fe107dd69598cc/samsung-chip-cap.pdf","","0.00573","http://www.tme.eu/pl/details/cl05b104ko5nnnd/kondensatory-mlcc-smd-0402/samsung/","CL05B104KO5NNND"
"","","C25","100nF/16V","SDWire:C","Capacitors_SMD:C_0402","http://www.tme.eu/pl/Document/4a42202b32dab16128fe107dd69598cc/samsung-chip-cap.pdf","","0.00573","http://www.tme.eu/pl/details/cl05b104ko5nnnd/kondensatory-mlcc-smd-0402/samsung/","CL05B104KO5NNND"
"","","C26","100nF/16V","SDWire:C","Capacitors_SMD:C_0402","http://www.tme.eu/pl/Document/4a42202b32dab16128fe107dd69598cc/samsung-chip-cap.pdf","","0.00573","http://www.tme.eu/pl/details/cl05b104ko5nnnd/kondensatory-mlcc-smd-0402/samsung/","CL05B104KO5NNND"
"","","C27","10uF/10V","SDWire:CP","Capacitors_Tantalum_SMD:CP_Tantalum_Case-A_EIA-3216-18_Reflow","http://www.tme.eu/pl/Document/0ff508dea7a8224c6fb12ae10be076aa/KEM_T2005_T491.pdf","","0.32167","http://www.tme.eu/pl/details/t491a106m016at/kondensatory-tantalowe-smd/kemet/","T491A106M016AT"
"","","D1","OSB50402C1E","SDWire:LED_ALT","LEDs:LED_0402","http://www.tme.eu/pl/Document/e7968ac30ed464eff9ee981ed51f3040/OSXX0402C1E.pdf","","0.3351","http://www.tme.eu/pl/details/osb50402c1e/diody-led-smd-kolorowe/optosupply/","OSB50402C1E"
"","","D2","RED","SDWire:LED_ALT","LEDs:LED_0402","http://www.tme.eu/pl/Document/7f7572d59cd98b61c96b6e010860b26c/KPG-1005SURC-TT(Ver.1A).pdf","","0.3819","http://www.tme.eu/pl/details/kpg-1005surc-tt/diody-led-smd-kolorowe/kingbright-electronic/","KPG-1005SURC-TT"
"","","D3","BLUE","SDWire:LED_ALT","LEDs:LED_0402","http://www.tme.eu/pl/Document/1af677b42c0c7d60f99d6fa71eb6bc05/KPG-1005PBC-TT-5MAV(Ver.1B).pdf","","0.6482","http://www.tme.eu/pl/details/kpg-1005pbc-tt/diody-led-smd-kolorowe/kingbright-electronic/kpg-1005pbc-tt-5mav/","KPG-1005PBC-TT-5MAV"
"","","D4","GREEN","SDWire:LED_ALT","LEDs:LED_0402","http://www.tme.eu/pl/Document/a570188e37a4e1932c6f215ea3ff9ddc/KPG-1005VGC-TT-5MAV(Ver.1B).pdf","","0.7558","http://www.tme.eu/pl/details/kpg-1005vgc-tt/diody-led-smd-kolorowe/kingbright-electronic/kpg-1005vgc-tt-5mav/","KPG-1005VGC-TT-5MAV"
"","","D5","RED","SDWire:LED_ALT","LEDs:LED_0402","http://www.tme.eu/pl/Document/7f7572d59cd98b61c96b6e010860b26c/KPG-1005SURC-TT(Ver.1A).pdf","","0.3819","http://www.tme.eu/pl/details/kpg-1005surc-tt/diody-led-smd-kolorowe/kingbright-electronic/","KPG-1005SURC-TT"
"","","D6","OSB50402C1E","SDWire:LED_ALT","LEDs:LED_0402","http://www.tme.eu/pl/Document/e7968ac30ed464eff9ee981ed51f3040/OSXX0402C1E.pdf","","0.3351","http://www.tme.eu/pl/details/osb50402c1e/diody-led-smd-kolorowe/optosupply/","OSB50402C1E"
"","","D7","BLUE","SDWire:LED_ALT","LEDs:LED_0402","http://www.tme.eu/pl/Document/1af677b42c0c7d60f99d6fa71eb6bc05/KPG-1005PBC-TT-5MAV(Ver.1B).pdf","","0.6482","http://www.tme.eu/pl/details/kpg-1005pbc-tt/diody-led-smd-kolorowe/kingbright-electronic/kpg-1005pbc-tt-5mav/","KPG-1005PBC-TT-5MAV"
"","","D8","GREEN","SDWire:LED_ALT","LEDs:LED_0402","http://www.tme.eu/pl/Document/a570188e37a4e1932c6f215ea3ff9ddc/KPG-1005VGC-TT-5MAV(Ver.1B).pdf","","0.7558","http://www.tme.eu/pl/details/kpg-1005vgc-tt/diody-led-smd-kolorowe/kingbright-electronic/kpg-1005vgc-tt-5mav/","KPG-1005VGC-TT-5MAV"
"","","J1","usd-plug","SDWire:usd-plug","connectors:usd","","","","",""
"","","J2","uSD Socket","SDWire:USDCARD","mux-footprints:usd-attend","http://www.tme.eu/pl/Document/d9baf2fd66256bac7b840e9a66d44492/112K-TBA0-RA1.pdf","","3.11","http://www.tme.eu/pl/details/112k-tba0-ra1/zlacza-do-kart/attend/","112K-TBA0-RA1"
"","","L1","BLM15PD121SN1D","SDWire:Ferrite_Bead_Small","Resistors_SMD:R_0402","","","0.04825","http://www.tme.eu/pl/details/blm15pd121sn1d/ferryty-koraliki/murata/","BLM15PD121SN1D"
"","","L2","BLM15PD121SN1D","SDWire:Ferrite_Bead_Small","Resistors_SMD:R_0402","","","0.04825","http://www.tme.eu/pl/details/blm15pd121sn1d/ferryty-koraliki/murata/","BLM15PD121SN1D"
"","","L3","BLM15PD121SN1D","SDWire:Ferrite_Bead_Small","Resistors_SMD:R_0402","","","0.04825","http://www.tme.eu/pl/details/blm15pd121sn1d/ferryty-koraliki/murata/","BLM15PD121SN1D"
"","","P1","USB_OTG_MICRO_USB","SDWire:USB_OTG_MICRO_USB","mux-footprints:micro_sub_molex","http://www.tme.eu/pl/Document/b7989e722b05f5084c507fb3ad8f02cb/MX-105017-0001.pdf","","1.44","http://www.tme.eu/pl/details/mx-105017-0001/zlacza-usb-i-ieee1394/molex/1050170001/","1050170001"
"","","Q3","MMBT4403LT1","SDWire:MMBT4403LT1","TO_SOT_Packages_SMD:SOT-23","https://www.tme.eu/pl/Document/b8fb0b2a2196eb2b0100116bda4d5a47/mmbt4403.pdf","ON SEMICONDUCTOR","","https://www.tme.eu/pl/details/mmbt4403lt1g/tranzystory-pnp-smd/on-semiconductor/","MMBT4403LT1G"
"","","Q4","MMBT4403LT1","SDWire:MMBT4403LT1","TO_SOT_Packages_SMD:SOT-23","https://www.tme.eu/pl/Document/b8fb0b2a2196eb2b0100116bda4d5a47/mmbt4403.pdf","ON SEMICONDUCTOR","","https://www.tme.eu/pl/details/mmbt4403lt1g/tranzystory-pnp-smd/on-semiconductor/","MMBT4403LT1G"
"","","R1","10K","SDWire:R","Resistors_SMD:R_0402","http://www.tme.eu/pl/Document/f9483914239ddfe8619d910f45cc0572/crcw0402_dbc.pdf","","0.01897","http://www.tme.eu/pl/details/crcw040210k0jntdbc/rezystory-smd-0402/vishay/","CRCW040210K0JNTDBC"
"","","R2","10K","SDWire:R","Resistors_SMD:R_0402","http://www.tme.eu/pl/Document/f9483914239ddfe8619d910f45cc0572/crcw0402_dbc.pdf","","0.01897","http://www.tme.eu/pl/details/crcw040210k0jntdbc/rezystory-smd-0402/vishay/","CRCW040210K0JNTDBC"
"","","R3","1M","SDWire:R","Resistors_SMD:R_0402","http://www.tme.eu/pl/Document/f9483914239ddfe8619d910f45cc0572/crcw0402_dbc.pdf","","0.01897","http://www.tme.eu/pl/details/crcw04021m00jntdbc/rezystory-smd-0402/vishay/","CRCW04021M00JNTDBC"
"","","R4","12k 1%","SDWire:R","Resistors_SMD:R_0402","http://www.tme.eu/pl/Document/f9483914239ddfe8619d910f45cc0572/crcw0402_dbc.pdf","","0.02447","http://www.tme.eu/pl/details/crcw040212k0fktdbc/rezystory-smd-0402/vishay/","CRCW040212K0FKTDBC"
"","","R5","330R","SDWire:R","Resistors_SMD:R_0402","http://www.tme.eu/pl/Document/f9483914239ddfe8619d910f45cc0572/crcw0402_dbc.pdf","","0.02447","http://www.tme.eu/pl/details/crcw0402330rfktdbc/rezystory-smd-0402/vishay/","CRCW0402330RFKTDBC"
"","","R6","27R","SDWire:R","Resistors_SMD:R_0402","http://www.tme.eu/pl/Document/f9483914239ddfe8619d910f45cc0572/crcw0402_dbc.pdf","","0.02447","http://www.tme.eu/pl/details/crcw040227r0fktdbc/rezystory-smd-0402/vishay/","CRCW040227R0FKTDBC"
"","","R7","27R","SDWire:R","Resistors_SMD:R_0402","http://www.tme.eu/pl/Document/f9483914239ddfe8619d910f45cc0572/crcw0402_dbc.pdf","","0.02447","http://www.tme.eu/pl/details/crcw040227r0fktdbc/rezystory-smd-0402/vishay/","CRCW040227R0FKTDBC"
"","","R8","10K","SDWire:R","Resistor_SMD:R_0402_1005Metric","http://www.tme.eu/pl/Document/f9483914239ddfe8619d910f45cc0572/crcw0402_dbc.pdf","","0.01897","http://www.tme.eu/pl/details/crcw040210k0jntdbc/rezystory-smd-0402/vishay/","CRCW040210K0JNTDBC"
"","","R9","10K","SDWire:R","Resistors_SMD:R_0402","http://www.tme.eu/pl/Document/f9483914239ddfe8619d910f45cc0572/crcw0402_dbc.pdf","","0.01897","http://www.tme.eu/pl/details/crcw040210k0jntdbc/rezystory-smd-0402/vishay/","CRCW040210K0JNTDBC"
"","","R10","10K","SDWire:R","Resistors_SMD:R_0402","http://www.tme.eu/pl/Document/f9483914239ddfe8619d910f45cc0572/crcw0402_dbc.pdf","","0.01897","http://www.tme.eu/pl/details/crcw040210k0jntdbc/rezystory-smd-0402/vishay/","CRCW040210K0JNTDBC"
"","","R11","1K","SDWire:R","Resistors_SMD:R_0402","http://www.tme.eu/pl/Document/1a2bc76e2be68b3b1670068306778ce6/rc0402yageo.pdf","","0.02375","http://www.tme.eu/pl/details/rc0402fr-071k/rezystory-smd-0402/yageo/","RC0402FR-071K"
"","","R12","1K","SDWire:R","Resistors_SMD:R_0402","http://www.tme.eu/pl/Document/1a2bc76e2be68b3b1670068306778ce6/rc0402yageo.pdf","","0.02375","http://www.tme.eu/pl/details/rc0402fr-071k/rezystory-smd-0402/yageo/","RC0402FR-071K"
"","","R13","1K","SDWire:R","Resistors_SMD:R_0402","http://www.tme.eu/pl/Document/1a2bc76e2be68b3b1670068306778ce6/rc0402yageo.pdf","","0.02375","http://www.tme.eu/pl/details/rc0402fr-071k/rezystory-smd-0402/yageo/","RC0402FR-071K"
"","","R14","1K","SDWire:R","Resistors_SMD:R_0402","http://www.tme.eu/pl/Document/1a2bc76e2be68b3b1670068306778ce6/rc0402yageo.pdf","","0.02375","http://www.tme.eu/pl/details/rc0402fr-071k/rezystory-smd-0402/yageo/","RC0402FR-071K"
"","","R15","1K","SDWire:R","Resistors_SMD:R_0402","http://www.tme.eu/pl/Document/1a2bc76e2be68b3b1670068306778ce6/rc0402yageo.pdf","","0.02375","http://www.tme.eu/pl/details/rc0402fr-071k/rezystory-smd-0402/yageo/","RC0402FR-071K"
"","","R16","10K","SDWire:R","Resistor_SMD:R_0402_1005Metric","http://www.tme.eu/pl/Document/f9483914239ddfe8619d910f45cc0572/crcw0402_dbc.pdf","","0.01897","http://www.tme.eu/pl/details/crcw040210k0jntdbc/rezystory-smd-0402/vishay/","CRCW040210K0JNTDBC"
"","","U1","USB2640-HZH-02","SDWire:USB2640","mux-footprints:QFN-48-1EP_7x7mm_Pitch0.5mm","http://www.farnell.com/datasheets/2138035.pdf?_ga=1.187806955.291132730.1474618953","","14.71","http://pl.farnell.com/microchip/usb2640-hzh-02/ic-usb-2-flash-media-cntrl-48vqfn/dp/2292611","USB2640-HZH-02"
"","","U2","SPX3819M5","SDWire:SPX3819M5","TO_SOT_Packages_SMD:SOT-23-5","http://www.tme.eu/pl/Document/16637f822e97fb29c08daa0179c3e821/SPX3819-DTE.pdf","","2.34","http://www.tme.eu/pl/details/spx3819m5-l-3-3_tr/stabilizatory-napiecia-nieregulowane-ldo/exar/","SPX3819M5-L-3-3/TR"
"","","U3","FT200XD","SDWire:FT200XD","mux-footprints:DFN-10-1EP_3x3mm_Pitch0.5mm","http://www.tme.eu/pl/Document/8125c2e118ba8e97fd6be18cfe334069/DS_FT200XD.pdf","","8.17","http://www.tme.eu/pl/details/ft200xd-t/uklady-scalone-interfejs-usb/ftdi/","FT200XD-T"
"","","U4","MC74HC1G04DTT1G","SDWire:74AHC1G14","TO_SOT_Packages_SMD:SOT-23-5","http://www.tme.eu/pl/Document/0bd9f377abd5f258bb30856efe9f427e/mc74hc1g04.pdf","","0.4371","http://www.tme.eu/pl/details/mc74hc1g04dtt1g/bramki-inwertery/on-semiconductor/","MC74HC1G04DTT1G"
"","","U5","TS3A27518EPWR","SDWire:TS3A27518E","mux-footprints:TSSOP-24","http://www.ti.com/lit/ds/symlink/ts3a27518e.pdf","","10.7","http://pl.farnell.com/texas-instruments/ts3a27518epwr/ic-6bit-1-of-2-mux-demux-24tssop/dp/1735605","TS3A27518EPWR"
"","","U6","AT24CS02-SSHM","MuxPi:AT24CS02-SSHM","Package_SO:SO-8_3.9x4.9mm_P1.27mm","","","","",""
"","","Y1","24MHz","SDWire:4pinCrystal","mux-footprints:Crystal_SMD_2520-4pin_2.5x2.0mm","http://www.tme.eu/pl/Document/43d4b8b2418f10b1847f5f6593a9a63f/cfpx-218.pdf","","3.17805","http://www.tme.eu/pl/details/24.00m-cfpx218/rezonatory-kwarcowe-smd/iqd-frequency-products/lfxtal053106bulk/","LFXTAL053106BULK"



"Collated Components:"

"Item","Qty","Reference(s)","Value","LibPart","Footprint","Datasheet","Manufacturer","Price","Shop link","Symbol"
"1","15","C1, C2, C6, C8, C9, C11, C12, C13, C15, C17, C18, C20, C24, C25, C26","100nF/16V","SDWire:C","Capacitors_SMD:C_0402","http://www.tme.eu/pl/Document/4a42202b32dab16128fe107dd69598cc/samsung-chip-cap.pdf","","0.00573","http://www.tme.eu/pl/details/cl05b104ko5nnnd/kondensatory-mlcc-smd-0402/samsung/","CL05B104KO5NNND"
"2","2","C3, C4","33p/50V","SDWire:C","Capacitors_SMD:C_0402","http://www.tme.eu/pl/Document/e3e731e59cc68b1ab6d46b158bb05733/MURATA_GRM.pdf","","0.01687","http://www.tme.eu/pl/details/grm1555c1h330ja01d/kondensatory-mlcc-smd-0402/murata/","GRM1555C1H330JA01D"
"3","4","C5, C7, C19, C21","1uF/16V","SDWire:C","Capacitors_SMD:C_0402","http://www.tme.eu/pl/Document/4a42202b32dab16128fe107dd69598cc/samsung-chip-cap.pdf","","0.01307","http://www.tme.eu/pl/details/cl05a105kp5nnnc/kondensatory-mlcc-smd-0402/samsung/","CL05A105KP5NNNC"
"4","3","C10, C14, C27","10uF/10V","SDWire:CP","Capacitors_Tantalum_SMD:CP_Tantalum_Case-A_EIA-3216-18_Reflow","http://www.tme.eu/pl/Document/0ff508dea7a8224c6fb12ae10be076aa/KEM_T2005_T491.pdf","","0.32167","http://www.tme.eu/pl/details/t491a106m016at/kondensatory-tantalowe-smd/kemet/","T491A106M016AT"
"5","2","C22, C23","47pF","SDWire:C","Capacitors_SMD:C_0402","http://www.tme.eu/pl/Document/e3e731e59cc68b1ab6d46b158bb05733/MURATA_GRM.pdf","","0.01687","http://www.tme.eu/pl/details/grm1555c1h470ja01d/kondensatory-mlcc-smd-0402/murata/","GRM1555C1H470JA01D"
"6","2","D1, D6","OSB50402C1E","SDWire:LED_ALT","LEDs:LED_0402","http://www.tme.eu/pl/Document/e7968ac30ed464eff9ee981ed51f3040/OSXX0402C1E.pdf","","0.3351","http://www.tme.eu/pl/details/osb50402c1e/diody-led-smd-kolorowe/optosupply/","OSB50402C1E"
"7","2","D2, D5","RED","SDWire:LED_ALT","LEDs:LED_0402","http://www.tme.eu/pl/Document/7f7572d59cd98b61c96b6e010860b26c/KPG-1005SURC-TT(Ver.1A).pdf","","0.3819","http://www.tme.eu/pl/details/kpg-1005surc-tt/diody-led-smd-kolorowe/kingbright-electronic/","KPG-1005SURC-TT"
"8","2","D3, D7","BLUE","SDWire:LED_ALT","LEDs:LED_0402","http://www.tme.eu/pl/Document/1af677b42c0c7d60f99d6fa71eb6bc05/KPG-1005PBC-TT-5MAV(Ver.1B).pdf","","0.6482","http://www.tme.eu/pl/details/kpg-1005pbc-tt/diody-led-smd-kolorowe/kingbright-electronic/kpg-1005pbc-tt-5mav/","KPG-1005PBC-TT-5MAV"
"9","2","D4, D8","GREEN","SDWire:LED_ALT","LEDs:LED_0402","http://www.tme.eu/pl/Document/a570188e37a4e1932c6f215ea3ff9ddc/KPG-1005VGC-TT-5MAV(Ver.1B).pdf","","0.7558","http://www.tme.eu/pl/details/kpg-1005vgc-tt/diody-led-smd-kolorowe/kingbright-electronic/kpg-1005vgc-tt-5mav/","KPG-1005VGC-TT-5MAV"
"10","1","J1","usd-plug","SDWire:usd-plug","connectors:usd","","","","",""
"11","1","J2","uSD Socket","SDWire:USDCARD","mux-footprints:usd-attend","http://www.tme.eu/pl/Document/d9baf2fd66256bac7b840e9a66d44492/112K-TBA0-RA1.pdf","","3.11","http://www.tme.eu/pl/details/112k-tba0-ra1/zlacza-do-kart/attend/","112K-TBA0-RA1"
"12","3","L1, L2, L3","BLM15PD121SN1D","SDWire:Ferrite_Bead_Small","Resistors_SMD:R_0402","","","0.04825","http://www.tme.eu/pl/details/blm15pd121sn1d/ferryty-koraliki/murata/","BLM15PD121SN1D"
"13","1","P1","USB_OTG_MICRO_USB","SDWire:USB_OTG_MICRO_USB","mux-footprints:micro_sub_molex","http://www.tme.eu/pl/Document/b7989e722b05f5084c507fb3ad8f02cb/MX-105017-0001.pdf","","1.44","http://www.tme.eu/pl/details/mx-105017-0001/zlacza-usb-i-ieee1394/molex/1050170001/","1050170001"
"14","2","Q3, Q4","MMBT4403LT1","SDWire:MMBT4403LT1","TO_SOT_Packages_SMD:SOT-23","https://www.tme.eu/pl/Document/b8fb0b2a2196eb2b0100116bda4d5a47/mmbt4403.pdf","ON SEMICONDUCTOR","","https://www.tme.eu/pl/details/mmbt4403lt1g/tranzystory-pnp-smd/on-semiconductor/","MMBT4403LT1G"
"15","4","R1, R2, R9, R10","10K","SDWire:R","Resistors_SMD:R_0402","http://www.tme.eu/pl/Document/f9483914239ddfe8619d910f45cc0572/crcw0402_dbc.pdf","","0.01897","http://www.tme.eu/pl/details/crcw040210k0jntdbc/rezystory-smd-0402/vishay/","CRCW040210K0JNTDBC"
"16","1","R3","1M","SDWire:R","Resistors_SMD:R_0402","http://www.tme.eu/pl/Document/f9483914239ddfe8619d910f45cc0572/crcw0402_dbc.pdf","","0.01897","http://www.tme.eu/pl/details/crcw04021m00jntdbc/rezystory-smd-0402/vishay/","CRCW04021M00JNTDBC"
"17","1","R4","12k 1%","SDWire:R","Resistors_SMD:R_0402","http://www.tme.eu/pl/Document/f9483914239ddfe8619d910f45cc0572/crcw0402_dbc.pdf","","0.02447","http://www.tme.eu/pl/details/crcw040212k0fktdbc/rezystory-smd-0402/vishay/","CRCW040212K0FKTDBC"
"18","1","R5","330R","SDWire:R","Resistors_SMD:R_0402","http://www.tme.eu/pl/Document/f9483914239ddfe8619d910f45cc0572/crcw0402_dbc.pdf","","0.02447","http://www.tme.eu/pl/details/crcw0402330rfktdbc/rezystory-smd-0402/vishay/","CRCW0402330RFKTDBC"
"19","2","R6, R7","27R","SDWire:R","Resistors_SMD:R_0402","http://www.tme.eu/pl/Document/f9483914239ddfe8619d910f45cc0572/crcw0402_dbc.pdf","","0.02447","http://www.tme.eu/pl/details/crcw040227r0fktdbc/rezystory-smd-0402/vishay/","CRCW040227R0FKTDBC"
"20","2","R8, R16","10K","SDWire:R","Resistor_SMD:R_0402_1005Metric","http://www.tme.eu/pl/Document/f9483914239ddfe8619d910f45cc0572/crcw0402_dbc.pdf","","0.01897","http://www.tme.eu/pl/details/crcw040210k0jntdbc/rezystory-smd-0402/vishay/","CRCW040210K0JNTDBC"
"21","5","R11, R12, R13, R14, R15","1K","SDWire:R","Resistors_SMD:R_0402","http://www.tme.eu/pl/Document/1a2bc76e2be68b3b1670068306778ce6/rc0402yageo.pdf","","0.02375","http://www.tme.eu/pl/details/rc0402fr-071k/rezystory-smd-0402/yageo/","RC0402FR-071K"
"22","1","U1","USB2640-HZH-02","SDWire:USB2640","mux-footprints:QFN-48-1EP_7x7mm_Pitch0.5mm","http://www.farnell.com/datasheets/2138035.pdf?_ga=1.187806955.291132730.1474618953","","14.71","http://pl.farnell.com/microchip/usb2640-hzh-02/ic-usb-2-flash-media-cntrl-48vqfn/dp/2292611","USB2640-HZH-02"
"23","1","U2","SPX3819M5","SDWire:SPX3819M5","TO_SOT_Packages_SMD:SOT-23-5","http://www.tme.eu/pl/Document/16637f822e97fb29c08daa0179c3e821/SPX3819-DTE.pdf","","2.34","http://www.tme.eu/pl/details/spx3819m5-l-3-3_tr/stabilizatory-napiecia-nieregulowane-ldo/exar/","SPX3819M5-L-3-3/TR"
"24","1","U3","FT200XD","SDWire:FT200XD","mux-footprints:DFN-10-1EP_3x3mm_Pitch0.5mm","http://www.tme.eu/pl/Document/8125c2e118ba8e97fd6be18cfe334069/DS_FT200XD.pdf","","8.17","http://www.tme.eu/pl/details/ft200xd-t/uklady-scalone-interfejs-usb/ftdi/","FT200XD-T"
"25","1","U4","MC74HC1G04DTT1G","SDWire:74AHC1G14","TO_SOT_Packages_SMD:SOT-23-5","http://www.tme.eu/pl/Document/0bd9f377abd5f258bb30856efe9f427e/mc74hc1g04.pdf","","0.4371","http://www.tme.eu/pl/details/mc74hc1g04dtt1g/bramki-inwertery/on-semiconductor/","MC74HC1G04DTT1G"
"26","1","U5","TS3A27518EPWR","SDWire:TS3A27518E","mux-footprints:TSSOP-24","http://www.ti.com/lit/ds/symlink/ts3a27518e.pdf","","10.7","http://pl.farnell.com/texas-instruments/ts3a27518epwr/ic-6bit-1-of-2-mux-demux-24tssop/dp/1735605","TS3A27518EPWR"
"27","1","U6","AT24CS02-SSHM","MuxPi:AT24CS02-SSHM","Package_SO:SO-8_3.9x4.9mm_P1.27mm","","","","",""
"28","1","Y1","24MHz","SDWire:4pinCrystal","mux-footprints:Crystal_SMD_2520-4pin_2.5x2.0mm","http://www.tme.eu/pl/Document/43d4b8b2418f10b1847f5f6593a9a63f/cfpx-218.pdf","","3.17805","http://www.tme.eu/pl/details/24.00m-cfpx218/rezonatory-kwarcowe-smd/iqd-frequency-products/lfxtal053106bulk/","LFXTAL053106BULK"
