,,,,,
Ref,Qty,Value,Footprint,Shop link,Symbol
C10 C14 C27 ,3,10uF/10V,Capacitors_Tantalum_SMD:CP_Tantalum_Case-A_EIA-3216-18_Reflow,http://www.tme.eu/pl/details/t491a106m016at/kondensatory-tantalowe-smd/kemet/,T491A106M016AT
C3 C4 ,2,33p/50V,Capacitors_SMD:C_0402,http://www.tme.eu/pl/details/grm1555c1h330ja01d/kondensatory-mlcc-smd-0402/murata/,GRM1555C1H330JA01D
C5 C19 C21 C7 ,4,1uF/16V,Capacitors_SMD:C_0402,http://www.tme.eu/pl/details/cl05a105kp5nnnc/kondensatory-mlcc-smd-0402/samsung/,CL05A105KP5NNNC
C23 C22 ,2,47pF,Capacitors_SMD:C_0402,http://www.tme.eu/pl/details/grm1555c1h470ja01d/kondensatory-mlcc-smd-0402/murata/,GRM1555C1H470JA01D
C24 C9 C11 C1 C2 C6 C8 C15 C12 C17 C13 C18 C20 C26 C25 ,15,100nF/16V,Capacitors_SMD:C_0402,http://www.tme.eu/pl/details/cl05b104ko5nnnd/kondensatory-mlcc-smd-0402/samsung/,CL05B104KO5NNND
D1 D6 ,2,OSB50402C1E,LEDs:LED_0402,http://www.tme.eu/pl/details/osb50402c1e/diody-led-smd-kolorowe/optosupply/,OSB50402C1E
D3 D7 ,2,BLUE,LEDs:LED_0402,http://www.tme.eu/pl/details/kpg-1005pbc-tt/diody-led-smd-kolorowe/kingbright-electronic/kpg-1005pbc-tt-5mav/,KPG-1005PBC-TT-5MAV
D2 D5 ,2,RED,LEDs:LED_0402,http://www.tme.eu/pl/details/kpg-1005surc-tt/diody-led-smd-kolorowe/kingbright-electronic/,KPG-1005SURC-TT
D4 D8 ,2,GREEN,LEDs:LED_0402,http://www.tme.eu/pl/details/kpg-1005vgc-tt/diody-led-smd-kolorowe/kingbright-electronic/kpg-1005vgc-tt-5mav/,KPG-1005VGC-TT-5MAV
J2 ,1,uSD Socket,mux-footprints:usd-attend,http://www.tme.eu/pl/details/112k-tba0-ra1/zlacza-do-kart/attend/,112K-TBA0-RA1
L3 L2 L1 ,3,BLM15PD121SN1D,Resistors_SMD:R_0402,http://www.tme.eu/pl/details/blm15pd121sn1d/ferryty-koraliki/murata/,BLM15PD121SN1D
P1 ,1,USB_OTG_MICRO_USB,mux-footprints:micro_sub_molex,http://www.tme.eu/pl/details/mx-105017-0001/zlacza-usb-i-ieee1394/molex/1050170001/,1050170001
Q3 Q4 ,2,MMBT4403LT1,TO_SOT_Packages_SMD:SOT-23,https://www.tme.eu/pl/details/mmbt4403lt1g/tranzystory-pnp-smd/on-semiconductor/,MMBT4403LT1G
R4 ,1,12k 1%,Resistors_SMD:R_0402,http://www.tme.eu/pl/details/crcw040212k0fktdbc/rezystory-smd-0402/vishay/,CRCW040212K0FKTDBC
R5 ,1,330R,Resistors_SMD:R_0402,http://www.tme.eu/pl/details/crcw0402330rfktdbc/rezystory-smd-0402/vishay/,CRCW0402330RFKTDBC
R3 ,1,1M,Resistors_SMD:R_0402,http://www.tme.eu/pl/details/crcw04021m00jntdbc/rezystory-smd-0402/vishay/,CRCW04021M00JNTDBC
R2 R1 R10 R9 ,4,10K,Resistors_SMD:R_0402,http://www.tme.eu/pl/details/crcw040210k0jntdbc/rezystory-smd-0402/vishay/,CRCW040210K0JNTDBC
R6 R7 ,2,27R,Resistors_SMD:R_0402,http://www.tme.eu/pl/details/crcw040227r0fktdbc/rezystory-smd-0402/vishay/,CRCW040227R0FKTDBC
R11 R12 R13 R15 R14 ,5,1K,Resistors_SMD:R_0402,http://www.tme.eu/pl/details/rc0402fr-071k/rezystory-smd-0402/yageo/,RC0402FR-071K
U5 ,1,TS3A27518EPWR,mux-footprints:TSSOP-24,http://pl.farnell.com/texas-instruments/ts3a27518epwr/ic-6bit-1-of-2-mux-demux-24tssop/dp/1735605,TS3A27518EPWR
U1 ,1,USB2640-HZH-02,Housings_DFN_QFN:QFN-48-1EP_7x7mm_Pitch0.5mm,http://pl.farnell.com/microchip/usb2640-hzh-02/ic-usb-2-flash-media-cntrl-48vqfn/dp/2292611,USB2640-HZH-02
U3 ,1,FT200XD,Housings_DFN_QFN:DFN-10-1EP_3x3mm_Pitch0.5mm,http://www.tme.eu/pl/details/ft200xd-t/uklady-scalone-interfejs-usb/ftdi/,FT200XD-T
U2 ,1,SPX3819M5,TO_SOT_Packages_SMD:SOT-23-5,http://www.tme.eu/pl/details/spx3819m5-l-3-3_tr/stabilizatory-napiecia-nieregulowane-ldo/exar/,SPX3819M5-L-3-3/TR
U4 ,1,MC74HC1G04DTT1G,TO_SOT_Packages_SMD:SOT-23-5,http://www.tme.eu/pl/details/mc74hc1g04dtt1g/bramki-inwertery/on-semiconductor/,MC74HC1G04DTT1G
Y1 ,1,24MHz,Crystals:Crystal_SMD_2520-4pin_2.5x2.0mm,http://www.tme.eu/pl/details/24.00m-cfpx218/rezonatory-kwarcowe-smd/iqd-frequency-products/lfxtal053106bulk/,LFXTAL053106BULK
,,,,,
,,,,,
,,,,,
,,,,,
BOM made with KICAD_BOM_WIZARD (https://github.com/HashDefineElectronics/KiCad_BOM_Wizard.git),,,,,
Generated Fri 02 Mar 2018 07:22:12 AM CET,,,,,
